DIA;HORA;ox;diox;o3;t
1;0;40.846;18.965;3.069;17.327
1;1;27.494;18.062;4.518;17.308
1;2;24.014;15.327;7.103;17.33
1;3;17.122;9.623;15.375;19.018
1;4;16.83;9.561;17.33;19.739
1;5;16.732;9.596;18.097;19.742
1;6;17.7;10.167;16.78;19.567
1;7;19.277;11.257;15.782;19.698
1;8;20.218;11.478;15.408;20.954
1;9;19.098;10.093;16.232;22.635
1;10;18.164;9.353;17.399;24.159
1;11;17.71;9.237;18.646;26.081
1;12;18.056;9.718;20.516;27.914
1;13;16.106;8.644;23.615;29.629
1;14;15.279;8.113;26.192;30.814
1;15;15.825;8.654;28.116;30.979
1;16;16.375;9.24;29.352;30.928
1;17;18.578;11.467;29.521;29.579
1;18;21.742;14.74;22.307;26.781
1;19;48.972;26.539;6.782;23.454
1;20;68.203;28.441;2.666;20.9
1;21;54.211;26.218;2.672;20.035
1;22;55.029;25.567;2.342;19.101
1;23;48.03;25.093;2.76;18.967
2;0;46.103;23.691;2.581;18.838
2;1;38.416;22.728;3.425;18.645
2;2;29.623;19.798;4.902;18.157
2;3;25.613;17.107;7.48;19.015
2;4;20.89;13.283;12.339;19.601
2;5;18.397;11.094;17.561;21.742
2;6;19.711;12.25;16.778;22.043
2;7;24.054;15.725;13.716;21.983
2;8;29.816;19.337;9.849;22.246
2;9;28.196;17.088;12.655;24.753
2;10;22.313;13.041;21.006;26.5
2;11;19.684;11.575;33.351;26.343
2;12;21.073;12.447;32.441;26.521
2;13;17.097;9.535;36.09;26.243
2;14;15.992;8.466;31.857;25.743
2;15;17.438;9.41;28.142;25.132
2;16;16.841;9.337;26.889;22.964
2;17;18.338;10.692;24.912;22.341
2;18;18.302;10.865;24.549;21.784
2;19;18.426;11.12;23.895;21.359
2;20;16.875;9.568;24.21;20.983
2;21;14.515;7.563;25.209;20.935
2;22;16.05;8.895;23.377;21.259
2;23;14.887;7.854;24.253;21.231
3;0;19.286;11.868;19.693;20.278
3;1;17.582;10.417;19.84;19.895
3;2;16.371;9.047;19.987;19.731
3;3;17.58;10.24;17.286;19.25
3;4;17.348;9.739;19.726;19.318
3;5;24.081;15.403;11.096;19.375
3;6;21.926;13.559;15.835;19.383
3;7;28.148;17.236;13.54;19.83
3;8;29.751;18.332;12.607;19.998
3;9;20.525;11.529;17.398;20.3
3;10;23.695;14.169;15.317;21.2
3;11;28.39;17.843;11.987;20.885
3;12;24.902;15.118;13.041;19.742
3;13;26.503;16.099;15.669;20.434
3;14;16.971;8.913;23.242;22.406
3;15;16.625;8.782;24.323;22.918
3;16;17.315;9.716;23.085;22.297
3;17;20.212;12.271;20.843;22.366
3;18;24.819;16.381;14.419;21.568
3;19;29.718;19.969;8.531;20.947
3;20;28.427;19.092;8.69;20.396
3;21;35.634;21.838;6.153;20.264
3;22;35.253;25.474;6.467;20.655
3;23;39.721;27.628;4.311;20.435
4;0;34.906;24.434;5.164;20.3
4;1;23.19;15.355;14.152;20.417
4;2;27.078;18.996;11.104;20.13
4;3;24.069;16.203;12.833;20.026
4;4;28.475;19.377;7.693;19.773
4;5;27.8;17.684;6.031;19.333
4;6;31.894;19.418;3.888;19.332
4;7;41.335;19.729;2.328;19.084
4;8;42.005;18.969;2.921;19.325
4;9;37.808;19.411;5.025;20.098
4;10;27.702;15.916;10.712;21.26
4;11;23.977;13.302;16.672;23.338
4;12;21.646;12.492;20.249;24.243
4;13;20.602;12.052;25.614;26.067
4;14;20.957;12.557;29.42;27.016
4;15;18.933;11.127;29.608;26.796
4;16;17.951;10.346;30.001;25.276
4;17;18.656;11.085;24.89;23.813
4;18;20.403;12.996;20.249;22.294
4;19;25.44;17.709;12.372;21.124
4;20;33.767;23.31;5.693;19.929
4;21;40.456;24.127;2.814;18.995
4;22;50.547;26.659;2.833;19.11
4;23;40.397;24.388;2.863;18.65
5;0;39.936;21.01;2.72;17.579
5;1;35.163;19.346;2.674;17.112
5;2;30.047;17.439;4.426;17.01
5;3;23.107;15.079;7.653;17.611
5;4;22.974;15.337;7.858;17.935
5;5;25.345;16.677;5.998;17.559
5;6;17.518;10.17;18.772;19.087
5;7;18.396;10.906;19.375;19.926
5;8;22.428;12.364;17.943;20.938
5;9;17.655;9.615;20.752;22.625
5;10;17.575;8.956;22.385;24.082
5;11;16.556;8.752;23.73;25.632
5;12;16.291;8.556;25.115;26.73
5;13;16.039;8.569;26.651;27.779
5;14;16.148;8.759;27.843;28.895
5;15;18.852;10.776;30.09;29.405
5;16;21.266;13.473;31.86;28.673
5;17;21.458;13.995;32.712;26.359
5;18;23.179;15.989;29.794;24.266
5;19;26.049;18.698;21.484;22.44
5;20;31.062;21.111;10.951;20.494
5;21;66.788;29.284;2.317;18.89
5;22;54.75;27.211;2.595;18.553
5;23;34.861;23.889;5.056;18.646
6;0;32.955;23.762;5.681;18.86
6;1;27.052;18.683;8.319;18.985
6;2;23.633;15.596;10.27;18.864
6;3;17.1;9.827;19.81;21.267
6;4;15.237;8.166;21.927;21.734
6;5;15.303;8.297;22.43;21.738
6;6;17.41;10.177;19.872;21.099
6;7;17.805;10.469;19.897;21.611
6;8;20.458;11.803;18.455;22.677
6;9;17.946;9.953;20.642;24.402
6;10;20.486;10.333;22.219;25.792
6;11;16.172;8.649;25.794;27.709
6;12;16.414;8.953;28.888;29.688
6;13;16.406;9.121;30.906;31.34
6;14;16.09;8.773;31.991;32.614
6;15;16.28;9.024;33.428;33.187
6;16;16.668;9.447;35.55;33.325
6;17;21.537;14.351;32.268;31.829
6;18;36.202;28.904;19.618;29.443
6;19;43.42;34.803;7.924;26.656
6;20;40.581;30.712;7.53;24.369
6;21;37.999;27.312;8.227;24.374
6;22;27.159;19.824;19.491;25.134
6;23;20.861;13.636;25.005;25.298
7;0;16.538;9.599;27.738;25.464
7;1;17.666;10.61;25.587;24.609
7;2;16.901;9.944;26.184;24.82
7;3;16.222;9.284;26.822;24.673
7;4;15.369;8.448;28.077;24.807
7;5;14.705;7.799;29.13;24.889
7;6;15.394;8.451;28.377;24.888
7;7;17.619;10.507;25.961;24.499
7;8;18.534;11.204;25.107;25.278
7;9;18.013;10.566;27.116;27.264
7;10;17.29;9.845;28.756;28.875
7;11;23.515;12.819;31.63;26.638
7;12;16.174;8.731;34.041;25.084
7;13;15.622;8.313;34.907;25.458
7;14;16.571;9.008;32.447;24.721
7;15;18.734;10.832;29.587;24.166
7;16;17.885;10.214;29.523;23.664
7;17;15.629;8.57;30.053;22.877
7;18;14.664;7.535;30.284;22.332
7;19;16.525;9.409;28.309;22.11
7;20;19.863;12.604;23.453;21.73
7;21;19.279;12.008;23.718;21.665
7;22;17.404;10.27;25.689;21.7
7;23;17.802;10.688;26.859;21.774
8;0;19.045;12.003;21.784;21.315
8;1;15.767;8.731;25.931;21.434
8;2;15.308;8.283;28.453;21.517
8;3;14.616;7.52;28.032;21.262
8;4;15.512;8.46;25.496;21.041
8;5;20.063;12.596;21.021;21.097
8;6;18.641;11.381;23.288;20.77
8;7;21.385;13.904;23.095;20.769
8;8;24.617;16.836;17.747;20.853
8;9;29.235;20.121;15.754;21.428
8;10;24.407;16.04;19.946;22.256
8;11;20.041;12.17;25.279;23.509
8;12;21.2;12.943;26.082;24.438
8;13;18.243;10.624;29.848;24.842
8;14;18.363;10.699;32.409;26.514
8;15;17.594;10.136;34.285;26.309
8;16;15.847;8.753;34.188;24.449
8;17;16.713;9.671;30.315;23.19
8;18;17.795;10.629;27.956;22.721
8;19;17.48;10.333;27.695;22.557
8;20;17.749;10.459;26.271;22.396
8;21;19.715;12.485;21.411;22.26
8;22;21.689;14.226;16.228;22.037
8;23;31.077;20.606;7.668;21.683
9;0;37.139;23.532;2.825;21.146
9;1;25.646;17.343;9.152;20.446
9;2;26.189;17.609;8.15;20.055
9;3;28.476;19.247;7.19;19.581
9;4;24.509;16.386;8.849;19.221
9;5;28.046;18.147;5.523;19.039
9;6;32.918;19.104;3.411;18.726
9;7;39.59;16.648;2.054;18.177
9;8;75.555;17.156;2.647;19.64
9;9;38.666;22.477;9.267;22.869
9;10;23.703;14.38;20.318;24.505
9;11;23.141;14.188;24.379;26.892
9;12;26.29;16.36;25.268;26.991
9;13;20.494;12.523;33.286;28.062
9;14;19.119;11.412;36.605;27.146
9;15;20.896;12.924;36.53;26.856
9;16;17.281;9.992;39.251;25.307
9;17;16.625;9.53;37.546;23.683
9;18;17.142;10.08;32.583;22.473
9;19;19.194;12.072;28.349;21.798
9;20;18.591;11.284;24.514;21.556
9;21;23.447;15.744;19.753;21.456
9;22;21.937;14.663;22.635;21.245
9;23;18.633;11.396;25.639;21.454
10;0;16.065;9.105;26.681;21.37
10;1;15.384;8.274;25.891;21.122
10;2;14.854;7.813;23.402;20.61
10;3;14.404;7.416;21.093;20.088
10;4;14.595;7.575;19.45;19.704
10;5;15.877;8.694;18.598;19.705
10;6;16.635;9.292;16.94;19.71
10;7;21.129;12.051;16.268;19.75
10;8;20.762;11.591;18.082;20.075
10;9;20.017;11.808;18.009;20.236
10;10;21.65;12.571;19.026;19.7
10;11;23.004;13.795;18.584;20.169
10;12;21.868;13.106;18.813;20.446
10;13;21.553;12.938;19.477;20.215
10;14;18.215;10.422;21.768;19.847
10;15;18.607;10.706;22.101;19.462
10;16;20.739;12.688;20.458;19.465
10;17;22.691;13.8;19.354;18.87
10;18;20.53;12.486;20.529;18.721
10;19;18.464;10.702;22.596;18.638
10;20;21.116;12.91;21.409;18.287
10;21;18.387;10.748;23.079;18.776
10;22;18.513;11.073;22.486;18.799
10;23;17.746;10.221;24.408;18.889
11;0;18.635;11.256;24.801;18.825
11;1;16.013;8.855;26.293;18.67
11;2;16.939;9.863;23.627;17.757
11;3;19.226;12.066;19.923;17.047
11;4;21.41;13.714;11.815;14.333
11;5;27.069;14.522;12.963;14.714
11;6;37.667;21.067;3.106;12.442
11;7;45.853;17.469;2.337;11.882
11;8;50.011;17.925;3.234;13.631
11;9;40.137;16.959;6.875;17.485
11;10;24.64;13.134;16.348;20.648
11;11;18.771;9.867;23.763;22.198
11;12;18.34;9.55;24.087;23.141
11;13;18.023;9.179;24.167;23.711
11;14;18.656;9.721;23.409;23.997
11;15;18.667;9.921;23.654;23.982
11;16;20.948;11.526;23.147;23.399
11;17;17.778;9.669;23.948;21.696
11;18;18.722;10.811;22.882;20.099
11;19;22.722;14.585;19.215;19.755
11;20;19.766;12.056;21.218;19.766
11;21;21.459;13.301;18.752;19.631
11;22;17.139;9.98;20.893;19.153
11;23;18.432;10.964;17.821;18.448
12;0;26.307;17.833;9.677;17.478
12;1;32.288;20.822;4.171;15.945
12;2;22.936;14.108;7.417;15.633
12;3;22.524;13.813;6.194;15.693
12;4;24.044;14.463;3.927;15.781
12;5;26.874;15.502;2.769;15.621
12;6;38.416;16.186;2.078;15.63
12;7;45.043;14.706;2.239;15.472
12;8;43.31;15.702;3.054;16.503
12;9;34.737;15.674;6.341;19.07
12;10;25.193;13.236;14.407;21.986
12;11;15.928;7.995;20.938;22.479
12;12;16.533;8.37;21.747;22.715
12;13;14.82;7.178;23.951;23.955
12;14;15.984;7.865;23.986;23.708
12;15;16.028;7.924;24.239;23.571
12;16;14.426;6.975;24.887;22.838
12;17;15.931;8.399;23.197;21.023
12;18;15.086;7.931;22.359;19.579
12;19;17.447;10.237;20.565;19.181
12;20;16.385;9.066;21.983;19.297
12;21;17.863;10.599;22.483;19.385
12;22;19.392;11.896;22.697;19.233
12;23;;;;
13;0;;;;
13;1;;;;
13;2;;;;
13;3;;;;
13;4;;;;
13;5;37.147;16.069;2.095;14.059
13;6;36.088;16.773;2.306;13.935
13;7;43.257;16.445;2.25;13.762
13;8;41.591;15.595;3.202;15.07
13;9;30.68;13.886;6.982;18.377
13;10;21.372;11.308;16.08;21.015
13;11;20.023;10.776;21.231;22.596
13;12;18.97;10.641;25.678;24.225
13;13;17.593;10.03;34.066;25.803
13;14;16.002;8.809;38.168;27.074
13;15;18.108;10.724;39.036;27.569
13;16;20.28;12.393;33.489;26.184
13;17;20.37;12.453;31.524;24.416
13;18;17.454;10.273;27.335;21.936
13;19;20.606;13.062;21.006;20.175
13;20;23.568;15.994;18.242;19.814
13;21;23.766;14.801;15.258;18.881
13;22;43.622;25.046;3.118;16.8
13;23;37.916;24.535;3.802;16.359
14;0;32.465;20.732;4.642;15.887
14;1;33.121;19.662;4.096;15.616
14;2;25.661;16.945;6.75;15.629
14;3;21.973;14.128;8.469;15.656
14;4;20.057;12.601;10.61;16.123
14;5;20.97;13.06;8.152;15.921
14;6;23.42;14.616;6.283;15.437
14;7;21.613;12.574;14.776;18.091
14;8;16.634;9.155;20.324;21.452
14;9;16.421;8.743;22.077;23.673
14;10;16.292;8.662;24.124;25.791
14;11;15.797;8.391;27.202;27.446
14;12;15.562;8.284;29.179;29.285
14;13;15.127;7.88;32.549;31.221
14;14;18.026;10.281;36.771;32.843
14;15;30.255;20.835;38.748;30.45
14;16;25.907;17.146;43.998;29.027
14;17;30.135;21.879;42.781;26.868
14;18;27.181;19.798;38.793;23.897
14;19;28.682;21.104;31.287;22.451
14;20;24.679;17.366;30.418;21.805
14;21;23.666;16.283;28.975;21.413
14;22;29.975;21.513;14.874;19.886
14;23;31.392;23.176;10.39;18.704
15;0;28.923;20.305;9.427;18.061
15;1;26.306;17.66;9.44;17.797
15;2;22.939;15.06;11.885;17.57
15;3;21.179;13.805;16.089;18.203
15;4;24.053;16.016;13.277;18.185
15;5;25.174;17.292;13.72;19.292
15;6;31.438;21.886;9.993;19.802
15;7;33.971;22.284;8.918;19.816
15;8;41.821;22.999;7.739;21.124
15;9;24.62;15.068;19.829;27.291
15;10;20.726;12.167;25.467;29.403
15;11;19.576;11.462;28.357;30.909
15;12;18.408;10.614;31.543;32.551
15;13;18.513;10.678;34.127;34.498
15;14;23.02;12.504;34.08;35.579
15;15;30.135;16.165;40.111;32.855
15;16;26.605;13.403;39.878;23.835
15;17;19.115;10.546;38.728;22.358
15;18;19.651;11.842;40.308;22.318
15;19;19.416;12.198;38.946;22
15;20;19.148;12.186;36.388;21.811
15;21;22.166;13.822;26.457;20.674
15;22;101.773;24.833;20.31;21.458
15;23;24.472;15.924;20.255;19.605
16;0;21.991;14.436;22.875;19.591
16;1;19.223;12.056;23.972;20.51
16;2;18.254;11.1;25.355;21.751
16;3;18.14;11.157;25.23;22.497
16;4;17.539;10.452;24.214;22.241
16;5;22.2;14.399;16.963;21.171
16;6;35.762;22.798;5.606;19.521
16;7;46.022;23.643;3.073;18.63
16;8;58.008;25.389;3.639;20.283
16;9;40.61;24.149;9.666;24.741
16;10;35.275;21.424;17.438;26.652
16;11;28.504;18.113;25.185;28.044
16;12;21.117;13.004;35.402;28.838
16;13;17.679;10.254;40.555;29.93
16;14;16.002;8.771;41.912;28.656
16;15;15.913;8.753;43.424;28.032
16;16;15.941;8.743;41.172;25.43
16;17;18.037;10.9;41.008;24.087
16;18;20.675;13.429;36.146;22.868
16;19;28.395;20.298;23.452;21.941
16;20;62.01;42.719;3.736;21.7
16;21;58.96;33.707;3.485;20.383
16;22;48.951;29.748;2.92;19.221
16;23;58.834;26.457;2.624;18.386
17;0;44.494;25.671;2.615;18.101
17;1;38.612;25.042;3.204;17.756
17;2;37.46;24.758;3.198;17.389
17;3;29.003;20.061;8.864;18.008
17;4;24.512;16.886;11.685;18.853
17;5;24.414;16.334;10.22;18.551
17;6;26.786;18.275;9.489;18.751
17;7;33.637;22.18;6.595;19.249
17;8;41.95;23.263;6.195;21.384
17;9;28.456;17.482;18.142;26.059
17;10;23.1;13.837;23.37;27.794
17;11;20.034;11.886;30.71;29.661
17;12;18.208;10.626;34.611;31.185
17;13;18.338;10.743;35.691;32.79
17;14;20.771;11.049;36.043;34.192
17;15;24.177;11.381;39.197;34.81
17;16;37.499;16.895;39.163;34.873
17;17;38.271;16.642;38.572;34.056
17;18;50.413;24.143;35.53;29.836
17;19;42.804;24.623;35.591;26.334
17;20;39.907;27.633;30.072;25.242
17;21;29.666;21.324;31.524;24.436
17;22;54.35;37.165;10.234;23.517
17;23;50.447;34.803;7.585;22.581
18;0;34.141;25.318;23.541;23.783
18;1;21.12;13.884;41.863;24.313
18;2;25.416;18.051;39.255;23.532
18;3;16.644;9.659;43.163;23.239
18;4;16.644;9.639;38.103;23.074
18;5;21.51;13.808;28.406;21.842
18;6;24.805;16.983;20.816;20.287
18;7;27.004;19.214;25.398;21.241
18;8;32.13;23.359;21.799;22.234
18;9;33.358;23.273;20.344;23.853
18;10;22.969;14.647;30.154;26.552
18;11;20.758;12.933;36.96;29.074
18;12;19.348;11.711;40.884;29.448
18;13;16.501;9.169;39.702;27.962
18;14;19.73;11.349;36.024;27.096
18;15;16.927;8.945;36.373;25.57
18;16;16.341;8.891;34.019;24.708
18;17;14.966;7.918;33.207;23.622
18;18;14.233;7.296;32.171;22.924
18;19;15.331;8.282;31.867;22.749
18;20;15.68;8.58;30.35;22.44
18;21;18.32;11.073;27.294;22.409
18;22;21.311;13.638;25.484;22.513
18;23;23.204;15.16;25.151;22.348
19;0;23.921;16.233;25.588;22.309
19;1;18.831;11.365;24.726;21.339
19;2;18.48;10.981;22.403;20.773
19;3;20.805;12.777;18.193;20.634
19;4;23.519;15.777;15.87;20.879
19;5;24.886;17.366;16.753;21.082
19;6;36.517;25.083;5.591;20.982
19;7;37.516;25.43;6.265;20.872
19;8;36.709;24.014;7.452;21.386
19;9;25.443;15.657;18.58;23.267
19;10;22.287;13.17;23.56;25.408
19;11;20.635;12.125;26.709;26.617
19;12;18.706;10.939;30.751;28.206
19;13;19.336;11.537;34.487;28.77
19;14;17.604;10.461;39.101;29.418
19;15;17.42;10.383;47.921;30.53
19;16;19.468;12.443;53.88;30.67
19;17;22.502;15.057;36.608;28.803
19;18;25.453;18.198;24.706;26.125
19;19;27.126;19.627;15.986;24.124
19;20;36.038;26.374;7.556;22.876
19;21;46.048;31.667;4.356;22.648
19;22;43.833;30.491;4.319;22.587
19;23;39.156;26.773;4.88;22.16
20;0;30.216;21.357;9.389;22.247
20;1;27.643;19.639;11.508;22.56
20;2;19.94;12.711;22.394;24.601
20;3;16.665;9.617;27.241;25.916
20;4;15.382;8.402;28.09;26.01
20;5;14.878;7.963;28.194;26.132
20;6;15.415;8.469;27.151;25.981
20;7;18.679;11.545;23.29;25.845
20;8;19.5;11.729;22.051;26.398
20;9;22.498;13.131;18.519;24.122
20;10;19.919;10.873;20.708;24.146
20;11;15.907;8.229;23.987;25.338
20;12;15.274;7.887;25.888;25.827
20;13;14.991;7.784;25.855;24.286
20;14;14.634;7.55;26.34;23.412
20;15;15.051;7.894;25.725;22.737
20;16;15.88;8.66;22.814;21.637
20;17;18.716;11.294;20.004;21.339
20;18;24.109;15.629;15.576;21.244
20;19;34.652;23.635;5.856;20.802
20;20;31.587;22.576;7.35;20.526
20;21;36.059;24.397;5.077;20.792
20;22;41.659;22.409;2.958;20.758
20;23;31.535;19.587;10.26;21.274
21;0;21.248;13.357;15.786;21.042
21;1;18.075;10.393;19.372;21.068
21;2;17.789;10.318;22.515;21.159
21;3;18.985;10.916;19.297;20.893
21;4;18.058;10.21;19.925;20.897
21;5;18.371;10.774;22.533;20.872
21;6;17.044;9.613;27.924;20.889
21;7;16.713;9.159;28.119;20.458
21;8;18.774;10.833;23.979;20.048
21;9;24.47;16.18;16.904;20.201
21;10;22.772;14.475;18.841;20.225
21;11;21.652;13.352;18.792;20.506
21;12;23.15;13.838;12.314;21.716
21;13;22.987;13.85;14.893;22.992
21;14;20.411;12.246;18.965;24.576
21;15;21.591;13.542;19.048;25.487
21;16;20.513;12.267;21.859;23.232
21;17;27.055;17.217;17.486;20.761
21;18;28.82;19.077;16.501;20.329
21;19;18.685;10.89;21.743;18.509
21;20;19.302;11.928;22.698;17.097
21;21;19.97;12.593;17.753;16.327
21;22;22.19;14.644;13.85;16.171
21;23;20.001;12.669;14.573;15.689
22;0;20.326;13.186;14.664;15.69
22;1;22.392;14.787;12.314;15.312
22;2;24.569;16.074;6.738;15.002
22;3;25.581;16.6;5.912;15.012
22;4;31.38;17.555;4.267;14.509
22;5;39.292;16.777;2.53;14.233
22;6;44.462;16.194;3.896;15.293
22;7;33.991;15.052;7.526;17.631
22;8;31.227;16.437;8.267;18.486
22;9;28.403;15.931;11.739;19.201
22;10;23.396;13.297;16.08;20.577
22;11;20.043;11.358;20.439;21.552
22;12;24.336;15.216;19.617;21.512
22;13;24.69;15.922;20.133;21.345
22;14;19.244;11.709;23.706;20.749
22;15;20.743;13.057;21.868;20.657
22;16;22.658;15.126;19.403;19.829
22;17;28.562;20.854;13.885;19.326
22;18;26.528;18.665;13.566;18.84
22;19;31.178;22.678;7.709;18.513
22;20;39.198;23.417;3.7;17.617
22;21;33.669;16.454;10.048;20.559
22;22;29.867;14.204;16.014;21.947
22;23;20.321;10.344;20.676;23.58
23;0;19.591;10.829;23.644;25.007
23;1;19.388;11.285;30.116;25.639
23;2;19.846;11.8;34.443;26.295
23;3;19.328;11.617;30.522;25.437
23;4;19.87;12.381;27.125;24.001
23;5;21.196;13.929;22.229;22.07
23;6;26.689;17.185;17.519;20.303
23;7;42.024;23.587;6.209;18.909
23;8;52.043;24.408;2.958;17.889
23;9;42.804;21.556;3.004;17.095
23;10;58.315;21.035;2.347;16.498
23;11;50.135;23.148;2.278;16.498
23;12;44.377;20.642;2.056;15.582
23;13;42.295;20.899;2.597;15.432
23;14;30.525;19.005;4.336;15.314
23;15;32.809;18.063;2.997;14.905
23;16;33.238;18.388;2.655;14.606
23;17;31.922;18.52;5.766;14.588
23;18;38.398;20.516;4.539;14.925
23;19;51.03;20.074;4.824;17.307
23;20;37.045;17.079;11.661;20.604
23;21;18.568;9.755;21.803;23.093
23;22;18.793;10.087;22.536;24.217
23;23;18.388;9.896;23.139;24.93
24;0;22.801;9.738;24.255;25.896
24;1;43.25;8.364;25.396;27.046
24;2;75.996;12.247;27.333;27.779
24;3;30.846;11.296;34.183;28.302
24;4;24.697;13.766;34.681;26.909
24;5;27.573;16.926;23.722;23.783
24;6;32.753;24.16;13.778;21.815
24;7;36.706;27.371;10.443;20.829
24;8;44.783;25.796;5.562;19.274
24;9;72.58;23.889;2.365;17.436
24;10;69.461;19.525;2.275;16.888
24;11;71.278;15.663;2.099;16.18
24;12;51.833;18.078;2.079;16.032
24;13;40.529;21.609;2.639;15.909
24;14;36.109;22.711;2.804;15.925
24;15;28.834;19.27;5.347;16.052
24;16;26.686;17.673;6.245;15.839
24;17;31.147;18.627;5.595;15.836
24;18;45.464;20.509;3.237;15.859
24;19;29.374;16.041;11.2;19.654
24;20;21.475;11.673;16.613;21.997
24;21;19.627;10.422;18.908;23.645
24;22;18.531;9.952;21.482;25.309
24;23;17.687;9.541;23.157;26.972
25;0;17.157;9.335;25.288;28.36
25;1;24.807;14.766;26.221;29.607
25;2;27.456;18.005;34.625;28.573
25;3;25.788;17.152;40.309;27.112
25;4;22.283;14.09;33.499;25.023
25;5;20.643;12.679;29.278;22.993
25;6;21.311;13.774;28.586;21.959
25;7;24.675;17.064;29.432;21.474
25;8;34.987;25.714;12.92;19.72
25;9;56.649;28.609;2.709;17.734
25;10;64.477;24.244;2.008;16.61
25;11;56.199;23.728;2.229;16.585
25;12;47.229;25.427;2.442;16.413
25;13;46.572;23.917;2.079;15.442
25;14;40.006;24.739;2.572;15.191
25;15;31.235;21.832;5.994;15.778
25;16;28.474;19.656;6.996;15.862
25;17;30.208;19.76;5.108;15.519
25;18;39.676;21.788;3.72;15.707
25;19;41.384;20.804;5.804;19.375
25;20;19.914;10.939;17.694;22.61
25;21;18.167;9.775;20.669;24.747
25;22;18.27;9.87;24.224;26.893
25;23;17.331;9.508;25.674;28.13
26;0;16.718;9.167;26.078;28.928
26;1;16.426;8.993;27.024;29.742
26;2;16.312;8.853;26.63;30.483
26;3;17.291;9.827;27.017;31.066
26;4;18.194;10.951;28.445;30.824
26;5;26.048;18.56;27.924;28.15
26;6;25.875;18.304;26.169;24.901
26;7;26.808;19.186;27.236;23.437
26;8;24.203;16.576;27.58;22.763
26;9;40.252;29.339;6.921;20.116
26;10;50.913;27.737;2.408;18.423
26;11;45.037;24.363;3.054;18.169
26;12;41.075;24.797;3.73;17.791
26;13;40.282;26.041;4.137;17.375
26;14;29.727;19.04;8.23;18.308
26;15;19.907;10.845;17.221;21.208
26;16;17.559;9.272;18.959;22.183
26;17;17.878;9.727;19.189;22.169
26;18;18.66;9.809;19.383;22.534
26;19;18.055;9.545;19.827;23.884
26;20;17.246;9.028;21.705;25.627
26;21;16.492;8.782;24.038;27.263
26;22;16.116;8.617;24.847;28.709
26;23;18.433;10.727;28.015;30.109
27;0;18.742;11.178;31.237;31.559
27;1;16.996;9.785;34.463;32.755
27;2;17.341;10.142;35.977;33.534
27;3;17.692;10.468;36.541;34.005
27;4;20.272;13.041;32.826;33.776
27;5;25.438;18.095;22.765;31.609
27;6;51.651;35.87;5.052;28.387
27;7;57.543;35.685;4.292;25.63
27;8;70.567;30.809;3.223;23.624
27;9;67.072;30.521;2.851;22.748
27;10;57.881;32.667;3.61;23.78
27;11;36.811;25.642;7.178;22.839
27;12;36.109;24.041;6.739;21.82
27;13;24.618;15.978;15.859;23.436
27;14;16.787;9.622;23.586;25.611
27;15;17.188;9.955;22.718;24.956
27;16;17.456;9.722;22.455;24.838
27;17;19.214;11.596;20.761;24.857
27;18;23.714;15.401;17.486;24.882
27;19;25.433;14.679;18.038;26.446
27;20;21.653;12.342;20.888;28.166
27;21;21.571;12.434;23.035;29.983
27;22;19.809;11.593;26.496;31.618
27;23;18.25;10.343;27.778;33.268
28;0;19.482;11.274;32.869;34.353
28;1;18;10.361;34.503;35.305
28;2;18.496;10.677;35.068;36.058
28;3;20.942;10.535;32.225;36.035
28;4;25.524;13.277;33.127;35.832
28;5;30.849;21.968;43.012;31.67
28;6;46.49;38.007;20.33;27.417
28;7;37.352;29.761;22.755;26.035
28;8;39.42;31.193;15.352;24.365
28;9;36.612;28.372;28.838;24.334
28;10;20.882;13.531;34.245;22.776
28;11;18.422;11.233;32.538;21.773
28;12;22.649;14.927;24.532;21.054
28;13;25.443;16.867;15.288;19.826
28;14;24.088;15.674;20.102;20.092
28;15;23.766;15.492;15.993;19.506
28;16;24.334;16.115;10.684;19.33
28;17;24.17;16.186;11.759;23.763
28;18;32.031;19.902;8.345;24.202
28;19;30.803;17.119;10.729;26.503
28;20;21.921;12.18;15.774;28.836
28;21;20.22;11.254;18.353;30.413
28;22;19.002;10.645;20.971;31.844
28;23;23.959;14.597;30.431;29.753
29;0;17.95;10.226;42.192;27.174
29;1;;;;
29;2;;;;
29;3;;;;
29;4;;;;
29;5;;;;
29;6;;;;
29;7;18.579;11.359;30.807;21.527
29;8;20.575;13.087;24.224;21.305
29;9;20.022;12.214;16.807;20.318
29;10;37.638;24.707;5.862;19.852
29;11;39.328;25.143;3.097;19.553
29;12;38.17;21.881;2.626;18.948
29;13;34.136;18.439;3.422;18.461
29;14;35.893;19.232;2.546;18.449
29;15;33.237;20.141;6.433;19.185
29;16;19.037;11.746;26.004;21.067
29;17;33.696;24.4;15.78;21.95
29;18;20.629;12.845;27.388;22.131
29;19;17.054;9.628;28.197;22.943
29;20;17.035;9.438;28.882;24.047
29;21;19.197;10.752;28.605;25.819
29;22;16.66;8.786;29.361;26.7
29;23;18.282;9.818;28.968;27.128
30;0;18.292;9.763;28.938;26.738
30;1;16.687;8.961;31.104;24.56
30;2;17.301;9.496;29.938;23.388
30;3;16.559;9.046;29.769;23.273
30;4;15.075;7.874;30.09;23.341
30;5;21.496;12.806;24.957;23.215
30;6;24.725;16.677;16.503;22.455
30;7;32.117;22.767;9.507;21.419
30;8;30.584;21.31;7.813;20.958
30;9;28.435;20.372;13.251;20.78
30;10;26.085;18.004;13.865;20.462
30;11;23.156;15.437;17.088;20.452
30;12;20.853;13.08;18.49;20.589
30;13;19.306;11.867;18.08;20.795
30;14;19.835;12.081;13.747;20.598
30;15;22.473;13.857;8.658;20.331
30;16;30.67;21.058;5.735;20.246
30;17;28.352;19.45;11.725;20.948
30;18;37.528;20.79;6.33;21.187
30;19;62.441;22.159;2.31;20.984
30;20;42.674;19.512;7.111;22.3
30;21;17.61;9.422;20.569;24.261
30;22;16.617;8.744;25.617;25.366
30;23;16.231;8.627;30.239;26.607
31;0;17.506;9.555;29.931;26.03
31;1;18.368;9.922;29.518;25.956
31;2;17.825;9.913;32.366;26.218
31;3;16.582;9.035;34.797;25.161
31;4;16.689;9.221;33.818;24.015
31;5;19.948;12.536;30.953;22.904
31;6;19.905;12.595;31.294;22.568
31;7;19.462;12.258;31.962;22.454
31;8;19.968;12.712;32.758;22.393
31;9;21.13;13.852;32.324;22.343
31;10;20.832;13.631;33.156;22.247
31;11;18.37;11.173;34.265;22.125
31;12;17.736;10.626;34.106;22.029
31;13;17.293;10.222;32.772;21.897
31;14;15.807;8.797;32.173;21.76
31;15;18.292;11.15;29.178;21.862
31;16;18.35;11.126;29.085;21.787
31;17;17.946;10.636;24.297;20.915
31;18;21.792;14.239;22.544;20.82
31;19;24.451;15.985;22.435;21.039
31;20;19.441;11.705;26.78;21.557
31;21;24.686;15.915;25.331;22.458
31;22;22.537;13.717;27.802;24.304
31;23;17.358;9.605;33.177;25.551
